{"cameraMode":{"drawMode":0,"name":"Shaded","section":"Shading Mode"},"sceneLighting":true,"audioPlay":false,"sceneViewState":{"m_AlwaysRefresh":false,"showFog":true,"showSkybox":true,"showFlares":true,"showImageEffects":true,"showParticleSystems":true,"showVisualEffectGraphs":true,"m_FxEnabled":true},"in2DMode":false,"pivot":{"x":320.38189697265627,"y":149.29415893554688,"z":150.99659729003907},"rotation":{"x":-0.024751879274845125,"y":-0.8059611320495606,"z":-0.033919189125299457,"w":0.5906014442443848},"size":47.64530944824219,"orthographic":false}